{"initial_reset_timestamp": 1520629129.8190262, "timestamps": [1520629586.768381], "episode_lengths": [2384], "episode_rewards": [99.0], "episode_types": ["t"]}